"id","k_element","old_jlpt","new_jlpt"
"1","亜","1","1"
"4","阿","1","1"
"5","哀","1","1"
"6","愛","2","3"
"10","葵","1","1"
"11","茜","1","1"
"13","悪","3","4"
"14","握","1","1"
"15","渥","1","1"
"16","旭","1","1"
"20","梓","1","1"
"21","圧","2","2"
"23","扱","1","1"
"28","絢","1","1"
"29","綾","1","1"
"30","鮎","1","1"
"34","安","4","4"
"37","暗","3","3"
"38","案","2","1"
"41","杏","1","1"
"42","以","3","4"
"43","伊","1","1"
"44","位","2","3"
"45","依","2","2"
"46","偉","2","3"
"47","囲","2","2"
"49","委","2","2"
"50","威","1","1"
"51","尉","1","1"
"52","惟","1","1"
"53","意","3","4"
"54","慰","1","1"
"55","易","2","3"
"57","為","1","1"
"59","異","2","1"
"60","移","2","2"
"61","維","1","1"
"62","緯","1","1"
"63","胃","2","2"
"65","衣","2","2"
"67","違","2","3"
"68","遺","1","1"
"69","医","3","4"
"70","井","1","1"
"71","亥","1","1"
"72","域","2","2"
"73","育","2","3"
"74","郁","1","1"
"75","磯","1","1"
"76","一","4","5"
"77","壱","1","1"
"79","逸","1","1"
"80","稲","1","1"
"82","芋","1","1"
"84","允","1","1"
"85","印","2","2"
"87","員","3","4"
"88","因","2","3"
"89","姻","1","1"
"90","引","3","3"
"91","飲","4","4"
"93","胤","1","1"
"95","院","3","4"
"96","陰","1","1"
"97","隠","1","1"
"98","韻","1","1"
"100","右","4","5"
"101","宇","2","2"
"103","羽","2","2"
"105","雨","4","5"
"106","卯","1","1"
"109","丑","1","1"
"112","渦","1","1"
"114","唄","1","1"
"120","浦","1","1"
"125","運","3","4"
"126","雲","2","2"
"129","叡","1","1"
"130","営","2","2"
"132","影","1","1"
"133","映","3","4"
"135","栄","2","2"
"136","永","2","2"
"137","泳","2","3"
"139","瑛","1","1"
"143","英","3","4"
"144","衛","1","1"
"145","詠","1","1"
"146","鋭","2","2"
"147","液","2","2"
"148","疫","1","1"
"149","益","1","1"
"150","駅","4","4"
"151","悦","1","1"
"152","謁","1","1"
"153","越","2","3"
"154","閲","1","1"
"157","円","4","5"
"158","園","2","3"
"161","宴","1","1"
"162","延","2","2"
"165","援","1","1"
"166","沿","1","1"
"167","演","2","3"
"168","炎","1","1"
"170","煙","2","3"
"172","猿","1","1"
"173","縁","1","1"
"174","艶","1","1"
"175","苑","1","1"
"177","遠","3","3"
"178","鉛","1","1"
"180","塩","2","2"
"181","於","1","1"
"182","汚","2","2"
"184","凹","1","1"
"185","央","2","2"
"186","奥","2","2"
"187","往","1","1"
"188","応","2","1"
"189","押","2","3"
"190","旺","1","1"
"191","横","2","3"
"192","欧","2","2"
"193","殴","1","1"
"194","王","2","3"
"195","翁","1","1"
"199","黄","2","2"
"201","沖","1","1"
"203","億","2","2"
"204","屋","3","4"
"205","憶","1","1"
"209","乙","1","1"
"211","卸","1","1"
"212","恩","1","1"
"213","温","2","2"
"214","穏","1","1"
"215","音","3","4"
"216","下","4","5"
"217","化","2","3"
"218","仮","2","1"
"219","何","4","5"
"220","伽","1","1"
"221","価","2","1"
"222","佳","1","1"
"223","加","2","3"
"224","可","2","3"
"225","嘉","1","1"
"226","夏","3","4"
"227","嫁","1","1"
"228","家","3","4"
"229","寡","1","1"
"230","科","2","3"
"231","暇","1","1"
"232","果","2","3"
"233","架","1","1"
"234","歌","3","4"
"235","河","2","2"
"236","火","4","5"
"238","禍","1","1"
"240","稼","1","1"
"241","箇","1","1"
"242","花","4","4"
"244","茄","1","1"
"245","荷","2","2"
"246","華","1","1"
"247","菓","2","2"
"249","課","2","2"
"251","貨","2","2"
"253","過","2","3"
"254","霞","1","1"
"255","蚊","1","1"
"258","我","1","1"
"260","画","3","4"
"262","芽","1","1"
"264","賀","1","1"
"265","雅","1","1"
"266","餓","1","1"
"268","介","2","2"
"269","会","4","4"
"270","解","2","3"
"271","回","3","3"
"272","塊","1","1"
"273","壊","1","1"
"275","快","2","2"
"276","怪","1","1"
"277","悔","1","1"
"279","懐","1","1"
"280","戒","1","1"
"281","拐","1","1"
"282","改","2","2"
"283","魁","1","1"
"285","械","2","2"
"286","海","3","4"
"287","灰","2","2"
"288","界","3","4"
"289","皆","2","3"
"290","絵","2","3"
"293","開","3","4"
"294","階","2","2"
"295","貝","2","2"
"296","凱","1","1"
"297","劾","1","1"
"298","外","4","5"
"300","害","2","3"
"302","慨","1","1"
"303","概","1","1"
"304","涯","1","1"
"307","街","1","1"
"308","該","1","1"
"312","馨","1","1"
"314","垣","1","1"
"319","嚇","1","1"
"320","各","2","2"
"322","拡","2","1"
"324","格","2","3"
"325","核","1","1"
"326","殻","1","1"
"327","獲","1","1"
"328","確","2","3"
"329","穫","1","1"
"330","覚","2","3"
"331","角","2","2"
"333","較","2","1"
"334","郭","1","1"
"335","閣","1","1"
"336","隔","1","1"
"337","革","2","2"
"338","学","4","5"
"339","岳","1","1"
"340","楽","3","4"
"341","額","2","2"
"343","掛","1","3"
"349","潟","1","1"
"350","割","2","3"
"351","喝","1","1"
"353","括","1","1"
"354","活","2","3"
"355","渇","1","1"
"356","滑","1","1"
"358","褐","1","1"
"359","轄","1","1"
"360","且","1","1"
"362","叶","1","1"
"364","樺","1","1"
"366","株","1","1"
"371","鎌","1","1"
"375","茅","1","1"
"378","刈","1","1"
"381","乾","2","2"
"382","侃","1","1"
"383","冠","1","1"
"384","寒","3","3"
"385","刊","2","2"
"386","勘","1","1"
"387","勧","1","1"
"388","巻","2","2"
"389","喚","1","1"
"390","堪","1","1"
"392","完","2","3"
"393","官","2","3"
"394","寛","1","1"
"395","干","2","2"
"396","幹","1","1"
"397","患","1","2"
"398","感","2","3"
"399","慣","2","3"
"400","憾","1","1"
"401","換","2","2"
"402","敢","1","1"
"405","棺","1","1"
"406","款","1","1"
"407","歓","1","1"
"408","汗","2","2"
"409","漢","3","4"
"412","環","2","1"
"413","甘","2","2"
"414","監","1","1"
"415","看","2","1"
"417","管","2","2"
"418","簡","2","2"
"419","緩","1","1"
"420","缶","1","2"
"422","肝","1","1"
"423","艦","1","1"
"424","莞","1","1"
"425","観","2","3"
"427","貫","1","1"
"428","還","1","1"
"429","鑑","1","1"
"430","間","4","5"
"431","閑","1","1"
"432","関","2","3"
"433","陥","1","1"
"435","館","3","4"
"437","丸","2","2"
"438","含","2","2"
"439","岸","2","2"
"440","巌","1","1"
"443","眼","1","1"
"444","岩","2","2"
"448","頑","1","1"
"449","顔","3","3"
"450","願","2","3"
"451","企","1","1"
"452","伎","1","1"
"453","危","2","3"
"454","喜","2","3"
"455","器","2","1"
"456","基","2","1"
"457","奇","1","1"
"458","嬉","1","1"
"459","寄","2","3"
"460","岐","1","1"
"461","希","2","2"
"462","幾","1","3"
"463","忌","1","1"
"464","揮","1","1"
"465","机","2","2"
"466","旗","1","1"
"467","既","1","1"
"468","期","2","3"
"469","棋","1","1"
"470","棄","1","1"
"471","機","2","3"
"472","帰","3","4"
"473","毅","1","1"
"474","気","4","5"
"475","汽","1","1"
"477","祈","2","2"
"478","季","2","2"
"479","稀","1","1"
"480","紀","1","1"
"482","規","2","3"
"483","記","2","3"
"484","貴","1","1"
"485","起","3","4"
"486","軌","1","1"
"487","輝","1","1"
"488","飢","1","1"
"489","騎","1","1"
"490","鬼","1","1"
"491","亀","1","1"
"492","偽","1","1"
"493","儀","1","1"
"495","宜","1","1"
"496","戯","1","1"
"497","技","2","2"
"498","擬","1","1"
"499","欺","1","1"
"500","犠","1","1"
"501","疑","2","3"
"503","義","1","1"
"505","誼","1","1"
"506","議","2","3"
"508","菊","1","1"
"509","鞠","1","1"
"510","吉","1","1"
"512","喫","2","2"
"514","橘","1","1"
"515","詰","2","2"
"519","却","1","1"
"520","客","2","3"
"521","脚","1","1"
"522","虐","1","1"
"523","逆","2","2"
"524","丘","1","1"
"525","久","2","2"
"527","休","4","5"
"528","及","1","1"
"529","吸","2","3"
"530","宮","1","1"
"531","弓","1","1"
"532","急","3","4"
"533","救","2","1"
"534","朽","1","1"
"535","求","2","3"
"537","泣","2","1"
"539","球","2","3"
"540","究","3","4"
"541","窮","1","1"
"543","級","2","1"
"544","糾","1","1"
"545","給","2","3"
"546","旧","2","2"
"547","牛","3","4"
"548","去","3","4"
"549","居","2","3"
"550","巨","2","2"
"551","拒","1","1"
"552","拠","1","1"
"553","挙","1","1"
"555","虚","1","1"
"556","許","2","3"
"557","距","1","1"
"559","漁","2","2"
"561","魚","4","4"
"562","亨","1","1"
"563","享","1","1"
"564","京","3","4"
"565","供","2","3"
"569","競","2","2"
"570","共","2","3"
"571","凶","1","1"
"572","協","2","2"
"573","匡","1","1"
"575","叫","2","2"
"576","喬","1","1"
"577","境","2","2"
"578","峡","1","1"
"579","強","3","4"
"582","恐","2","3"
"583","恭","1","1"
"584","挟","2","2"
"585","教","3","4"
"586","橋","2","2"
"587","況","2","2"
"588","狂","1","1"
"589","狭","2","1"
"590","矯","1","1"
"591","胸","2","2"
"592","脅","1","1"
"593","興","1","1"
"595","郷","1","1"
"596","鏡","1","1"
"597","響","1","1"
"599","驚","1","1"
"600","仰","1","1"
"601","凝","1","1"
"602","尭","1","1"
"603","暁","1","1"
"604","業","3","4"
"605","局","2","3"
"606","曲","2","3"
"607","極","2","2"
"608","玉","2","2"
"609","桐","1","1"
"612","勤","2","3"
"613","均","2","2"
"615","錦","1","1"
"616","斤","1","1"
"617","欣","1","1"
"618","欽","1","1"
"619","琴","1","1"
"620","禁","2","2"
"622","筋","1","1"
"623","緊","1","1"
"624","芹","1","1"
"625","菌","1","1"
"626","衿","1","1"
"627","襟","1","1"
"628","謹","1","1"
"629","近","3","4"
"630","金","4","5"
"631","吟","1","1"
"632","銀","3","4"
"633","九","4","5"
"635","句","1","1"
"636","区","3","2"
"638","玖","1","1"
"640","苦","2","3"
"642","駆","1","1"
"644","駒","1","1"
"645","具","2","3"
"646","愚","1","1"
"647","虞","1","1"
"649","空","4","4"
"650","偶","2","3"
"652","遇","1","1"
"653","隅","2","2"
"658","屈","1","1"
"659","掘","2","2"
"662","靴","2","3"
"665","熊","1","1"
"668","栗","1","1"
"669","繰","1","1"
"670","桑","1","1"
"672","勲","1","1"
"673","君","2","3"
"674","薫","1","1"
"675","訓","2","2"
"676","群","2","2"
"677","軍","2","2"
"678","郡","1","1"
"680","袈","1","1"
"682","係","2","3"
"683","傾","2","2"
"684","刑","1","1"
"685","兄","3","4"
"686","啓","1","1"
"687","圭","1","1"
"689","型","2","2"
"690","契","1","1"
"691","形","2","3"
"692","径","1","1"
"693","恵","2","1"
"694","慶","1","1"
"695","慧","1","1"
"696","憩","1","1"
"697","掲","1","1"
"698","携","1","1"
"699","敬","2","2"
"700","景","2","3"
"701","桂","1","1"
"702","渓","1","1"
"705","系","1","1"
"706","経","2","3"
"707","継","1","1"
"710","茎","1","1"
"712","蛍","1","1"
"713","計","3","4"
"715","警","2","3"
"716","軽","3","2"
"718","鶏","1","1"
"719","芸","2","2"
"720","迎","2","3"
"721","鯨","1","1"
"722","劇","2","2"
"724","撃","1","1"
"725","激","1","1"
"728","傑","1","1"
"729","欠","2","3"
"730","決","2","3"
"731","潔","1","1"
"732","穴","1","1"
"733","結","2","1"
"734","血","2","2"
"736","月","4","5"
"737","件","2","3"
"738","倹","1","1"
"740","健","2","1"
"741","兼","1","1"
"742","券","2","2"
"743","剣","1","1"
"745","圏","1","1"
"746","堅","1","1"
"747","嫌","1","1"
"748","建","3","4"
"749","憲","1","1"
"750","懸","1","1"
"751","拳","1","1"
"753","検","2","1"
"754","権","2","3"
"756","犬","3","4"
"757","献","1","1"
"758","研","3","4"
"760","絹","1","1"
"761","県","3","2"
"762","肩","2","2"
"763","見","4","5"
"764","謙","1","1"
"765","賢","2","2"
"766","軒","2","2"
"767","遣","1","1"
"769","険","2","3"
"770","顕","1","1"
"771","験","3","4"
"773","元","3","4"
"774","原","2","3"
"775","厳","1","1"
"776","幻","1","1"
"777","弦","1","1"
"778","減","2","2"
"779","源","1","1"
"780","玄","1","1"
"781","現","2","3"
"782","絃","1","1"
"784","言","4","4"
"786","限","2","3"
"788","個","2","2"
"789","古","4","4"
"790","呼","2","3"
"791","固","2","2"
"793","孤","1","1"
"794","己","1","1"
"795","庫","2","2"
"796","弧","1","1"
"797","戸","2","2"
"798","故","2","1"
"799","枯","2","2"
"800","湖","2","2"
"805","胡","1","1"
"807","虎","1","1"
"808","誇","1","1"
"811","雇","2","2"
"812","顧","1","1"
"813","鼓","1","1"
"814","五","4","5"
"815","互","2","3"
"816","伍","1","1"
"817","午","4","5"
"818","呉","1","1"
"820","娯","1","1"
"821","後","4","5"
"822","御","2","3"
"823","悟","1","1"
"824","梧","1","1"
"826","瑚","1","1"
"827","碁","1","1"
"828","語","4","5"
"829","誤","2","3"
"830","護","1","1"
"833","鯉","1","1"
"834","交","2","3"
"836","侯","1","1"
"837","候","2","3"
"838","倖","1","1"
"839","光","3","3"
"840","公","2","4"
"841","功","1","1"
"842","効","2","2"
"844","厚","2","2"
"845","口","4","4"
"846","向","2","3"
"847","后","1","1"
"849","坑","1","1"
"851","好","3","3"
"852","孔","1","1"
"853","孝","1","1"
"854","宏","1","1"
"855","工","3","4"
"856","巧","1","1"
"858","幸","2","3"
"859","広","3","4"
"861","康","2","1"
"862","弘","1","1"
"863","恒","1","1"
"865","抗","1","1"
"866","拘","1","1"
"867","控","1","1"
"868","攻","1","1"
"869","昂","1","1"
"870","晃","1","1"
"871","更","2","3"
"873","校","4","5"
"875","構","2","3"
"876","江","1","1"
"877","洪","1","1"
"878","浩","1","1"
"879","港","2","3"
"880","溝","1","1"
"881","甲","1","1"
"882","皇","1","1"
"883","硬","2","2"
"884","稿","1","1"
"886","紅","2","2"
"887","紘","1","1"
"888","絞","1","1"
"889","綱","1","1"
"890","耕","2","2"
"891","考","3","4"
"892","肯","2","2"
"896","航","2","2"
"897","荒","2","2"
"898","行","4","5"
"899","衡","1","1"
"900","講","2","2"
"901","貢","1","1"
"902","購","1","1"
"903","郊","2","2"
"904","酵","1","1"
"905","鉱","2","2"
"907","鋼","1","1"
"909","降","2","3"
"910","項","1","1"
"911","香","2","2"
"912","高","4","5"
"913","鴻","1","1"
"914","剛","1","1"
"916","号","2","3"
"917","合","3","3"
"919","拷","1","1"
"921","豪","1","1"
"924","克","1","1"
"925","刻","2","3"
"926","告","2","3"
"927","国","4","5"
"928","穀","1","1"
"929","酷","1","1"
"931","黒","3","4"
"932","獄","1","1"
"934","腰","2","2"
"938","骨","2","2"
"940","込","2","3"
"943","今","4","5"
"944","困","2","3"
"946","墾","1","1"
"947","婚","2","3"
"948","恨","1","1"
"949","懇","1","1"
"951","昆","1","1"
"952","根","2","2"
"954","混","2","2"
"956","紺","1","1"
"958","魂","1","1"
"960","佐","1","1"
"962","唆","1","1"
"963","嵯","1","1"
"964","左","4","5"
"965","差","2","3"
"966","査","2","2"
"967","沙","1","1"
"968","瑳","1","1"
"969","砂","2","2"
"970","詐","1","1"
"971","鎖","1","1"
"972","裟","1","1"
"974","座","2","3"
"976","債","1","1"
"977","催","1","1"
"978","再","2","2"
"979","最","2","3"
"980","哉","1","1"
"982","妻","2","3"
"983","宰","1","1"
"984","彩","1","1"
"985","才","2","3"
"986","採","2","2"
"987","栽","1","1"
"988","歳","2","3"
"989","済","2","3"
"990","災","1","1"
"991","采","1","1"
"993","砕","1","1"
"995","祭","2","2"
"996","斎","1","1"
"997","細","2","2"
"998","菜","3","2"
"999","裁","1","1"
"1000","載","1","1"
"1001","際","2","3"
"1002","剤","1","1"
"1003","在","2","3"
"1004","材","2","2"
"1005","罪","2","3"
"1006","財","2","3"
"1007","冴","1","1"
"1008","坂","2","2"
"1013","咲","2","2"
"1014","崎","1","1"
"1018","作","3","4"
"1019","削","1","1"
"1021","搾","1","1"
"1022","昨","2","3"
"1023","朔","1","1"
"1026","策","1","1"
"1027","索","1","1"
"1028","錯","1","1"
"1029","桜","1","1"
"1031","笹","1","1"
"1033","冊","2","2"
"1034","刷","2","2"
"1035","察","2","3"
"1037","撮","1","1"
"1038","擦","1","1"
"1039","札","2","2"
"1040","殺","2","3"
"1042","雑","2","3"
"1043","皐","1","1"
"1048","皿","2","2"
"1050","三","4","5"
"1051","傘","1","1"
"1052","参","2","3"
"1053","山","4","5"
"1054","惨","1","1"
"1056","散","2","3"
"1057","桟","1","1"
"1058","燦","1","1"
"1060","産","3","3"
"1061","算","2","2"
"1063","蚕","1","1"
"1065","賛","2","3"
"1066","酸","1","1"
"1069","暫","1","1"
"1070","残","2","3"
"1071","仕","3","4"
"1073","伺","2","2"
"1074","使","3","4"
"1075","刺","2","2"
"1076","司","2","1"
"1077","史","2","2"
"1078","嗣","1","1"
"1079","四","4","5"
"1080","士","1","1"
"1081","始","3","4"
"1082","姉","3","4"
"1083","姿","1","1"
"1084","子","4","5"
"1086","市","3","3"
"1087","師","2","3"
"1088","志","2","1"
"1089","思","3","4"
"1090","指","2","3"
"1091","支","2","3"
"1094","施","1","1"
"1095","旨","1","1"
"1096","枝","2","2"
"1097","止","3","4"
"1098","死","3","4"
"1099","氏","1","1"
"1101","祉","1","1"
"1102","私","3","4"
"1103","糸","2","2"
"1104","紙","3","4"
"1105","紫","1","1"
"1106","肢","1","1"
"1107","脂","2","2"
"1108","至","1","1"
"1109","視","1","1"
"1110","詞","2","2"
"1111","詩","1","1"
"1112","試","3","4"
"1113","誌","2","2"
"1114","諮","1","1"
"1115","資","2","3"
"1116","賜","1","1"
"1117","雌","1","1"
"1118","飼","1","1"
"1119","歯","2","3"
"1120","事","3","4"
"1121","似","2","3"
"1122","侍","1","1"
"1123","児","2","2"
"1124","字","3","4"
"1125","寺","2","2"
"1126","慈","1","1"
"1127","持","3","4"
"1128","時","4","5"
"1129","次","2","3"
"1130","滋","1","1"
"1131","治","2","3"
"1132","爾","1","1"
"1135","磁","1","1"
"1136","示","2","3"
"1138","耳","4","3"
"1139","自","3","4"
"1140","蒔","1","1"
"1141","辞","2","3"
"1142","汐","1","1"
"1143","鹿","1","1"
"1144","式","2","3"
"1145","識","2","3"
"1148","軸","1","1"
"1151","七","4","5"
"1153","執","1","1"
"1154","失","2","3"
"1156","室","3","4"
"1158","湿","2","2"
"1159","漆","1","1"
"1160","疾","1","1"
"1161","質","3","4"
"1162","実","2","3"
"1165","偲","1","1"
"1167","芝","1","1"
"1171","舎","1","1"
"1172","写","3","4"
"1173","射","1","1"
"1174","捨","2","2"
"1175","赦","1","1"
"1176","斜","1","1"
"1177","煮","1","1"
"1178","社","4","4"
"1179","紗","1","1"
"1180","者","3","4"
"1181","謝","1","1"
"1182","車","4","5"
"1183","遮","1","1"
"1184","蛇","1","1"
"1185","邪","1","1"
"1186","借","3","4"
"1187","勺","1","1"
"1188","尺","1","1"
"1191","爵","1","1"
"1192","酌","1","1"
"1193","釈","1","1"
"1195","若","2","3"
"1196","寂","1","1"
"1197","弱","3","2"
"1199","主","3","4"
"1200","取","2","3"
"1201","守","2","3"
"1202","手","4","4"
"1203","朱","1","1"
"1204","殊","1","1"
"1205","狩","1","1"
"1206","珠","1","1"
"1207","種","2","3"
"1209","趣","1","1"
"1210","酒","2","3"
"1211","首","3","3"
"1212","儒","1","1"
"1213","受","2","3"
"1216","授","2","1"
"1217","樹","1","1"
"1219","需","1","1"
"1220","囚","1","1"
"1221","収","2","3"
"1222","周","2","2"
"1223","宗","1","1"
"1224","就","1","1"
"1225","州","2","2"
"1226","修","2","1"
"1227","愁","1","1"
"1228","拾","2","2"
"1229","洲","1","1"
"1230","秀","1","1"
"1231","秋","3","4"
"1232","終","3","4"
"1234","習","3","4"
"1235","臭","1","1"
"1236","舟","2","2"
"1238","衆","1","1"
"1239","襲","1","1"
"1243","週","4","4"
"1245","酬","1","1"
"1246","集","3","4"
"1247","醜","1","1"
"1249","住","3","4"
"1250","充","1","1"
"1251","十","4","5"
"1252","従","1","1"
"1254","柔","2","2"
"1255","汁","1","1"
"1256","渋","1","1"
"1257","獣","1","1"
"1258","縦","1","1"
"1259","重","3","4"
"1260","銃","1","1"
"1261","叔","1","1"
"1263","宿","2","3"
"1264","淑","1","1"
"1265","祝","2","2"
"1266","縮","1","1"
"1267","粛","1","1"
"1268","塾","1","1"
"1269","熟","1","1"
"1270","出","4","5"
"1271","術","2","3"
"1272","述","2","2"
"1273","俊","1","1"
"1274","峻","1","1"
"1275","春","3","4"
"1276","瞬","1","1"
"1277","竣","1","1"
"1278","舜","1","1"
"1279","駿","1","1"
"1280","准","1","1"
"1281","循","1","1"
"1282","旬","1","1"
"1284","殉","1","1"
"1285","淳","1","1"
"1286","準","2","2"
"1287","潤","1","1"
"1288","盾","1","1"
"1289","純","2","2"
"1290","巡","1","1"
"1291","遵","1","1"
"1293","順","2","2"
"1294","処","2","3"
"1295","初","2","3"
"1296","所","3","3"
"1297","暑","3","1"
"1298","曙","1","1"
"1299","渚","1","1"
"1300","庶","1","1"
"1301","緒","2","3"
"1302","署","2","2"
"1303","書","4","5"
"1306","諸","2","2"
"1307","助","2","3"
"1308","叙","1","1"
"1309","女","4","5"
"1310","序","1","1"
"1311","徐","1","1"
"1312","恕","1","1"
"1314","除","2","3"
"1315","傷","1","1"
"1316","償","1","1"
"1317","勝","2","3"
"1318","匠","1","1"
"1319","升","1","1"
"1320","召","2","2"
"1322","商","2","3"
"1323","唱","1","1"
"1325","奨","1","1"
"1328","宵","1","1"
"1329","将","2","2"
"1330","小","4","5"
"1331","少","4","4"
"1332","尚","1","1"
"1333","庄","1","1"
"1334","床","2","2"
"1336","彰","1","1"
"1337","承","2","2"
"1338","抄","1","1"
"1339","招","2","3"
"1340","掌","1","1"
"1341","捷","1","1"
"1342","昇","2","2"
"1343","昌","1","1"
"1344","昭","1","1"
"1345","晶","1","1"
"1346","松","1","1"
"1347","梢","1","1"
"1350","沼","1","1"
"1351","消","2","3"
"1352","渉","1","1"
"1354","焼","2","2"
"1355","焦","1","1"
"1356","照","2","2"
"1357","症","1","1"
"1358","省","2","2"
"1359","硝","1","1"
"1360","礁","1","1"
"1361","祥","1","1"
"1362","称","1","1"
"1363","章","2","2"
"1364","笑","2","3"
"1366","紹","2","2"
"1367","肖","1","1"
"1368","菖","1","1"
"1370","蕉","1","1"
"1371","衝","1","1"
"1373","訟","1","1"
"1374","証","1","1"
"1375","詔","1","1"
"1376","詳","1","1"
"1377","象","2","2"
"1378","賞","2","2"
"1382","鐘","1","1"
"1383","障","1","1"
"1385","上","4","5"
"1387","丞","1","1"
"1388","乗","3","3"
"1389","冗","1","1"
"1390","剰","1","1"
"1391","城","2","2"
"1392","場","3","4"
"1393","壌","1","1"
"1394","嬢","1","1"
"1395","常","2","3"
"1396","情","2","3"
"1398","条","2","1"
"1400","浄","1","1"
"1401","状","2","3"
"1402","畳","2","2"
"1403","穣","1","1"
"1404","蒸","2","2"
"1405","譲","1","1"
"1406","醸","1","1"
"1407","錠","1","1"
"1408","嘱","1","1"
"1410","飾","1","1"
"1412","植","2","2"
"1413","殖","1","1"
"1415","織","1","1"
"1416","職","2","3"
"1417","色","3","4"
"1418","触","2","2"
"1419","食","4","5"
"1421","辱","1","1"
"1423","伸","2","2"
"1424","信","2","3"
"1425","侵","1","1"
"1426","唇","1","1"
"1427","娠","1","1"
"1428","寝","2","3"
"1429","審","1","1"
"1430","心","3","4"
"1431","慎","1","1"
"1432","振","1","1"
"1433","新","4","4"
"1434","晋","1","1"
"1435","森","3","2"
"1436","榛","1","1"
"1437","浸","1","1"
"1438","深","2","3"
"1439","申","2","3"
"1441","真","3","4"
"1442","神","2","3"
"1443","秦","1","1"
"1444","紳","1","1"
"1445","臣","2","2"
"1447","薪","1","1"
"1448","親","3","4"
"1449","診","1","1"
"1450","身","2","3"
"1451","辛","2","2"
"1452","進","3","3"
"1453","針","2","2"
"1454","震","2","2"
"1455","人","4","5"
"1456","仁","1","1"
"1457","刃","1","1"
"1460","尋","1","1"
"1461","甚","1","1"
"1462","尽","1","1"
"1465","迅","1","1"
"1466","陣","1","1"
"1470","須","1","1"
"1471","酢","1","1"
"1472","図","3","4"
"1475","吹","2","3"
"1476","垂","1","1"
"1477","帥","1","1"
"1478","推","1","1"
"1479","水","4","5"
"1480","炊","1","1"
"1481","睡","1","1"
"1482","粋","1","1"
"1483","翠","1","1"
"1484","衰","1","1"
"1485","遂","1","1"
"1486","酔","1","1"
"1488","錘","1","1"
"1489","随","1","1"
"1490","瑞","1","1"
"1491","髄","1","1"
"1492","崇","1","1"
"1493","嵩","1","1"
"1494","数","2","3"
"1495","枢","1","1"
"1497","雛","1","1"
"1498","据","1","1"
"1499","杉","1","1"
"1505","澄","1","1"
"1507","寸","1","1"
"1508","世","3","4"
"1509","瀬","1","1"
"1510","畝","1","1"
"1511","是","1","1"
"1513","制","2","3"
"1514","勢","2","2"
"1515","姓","2","2"
"1516","征","1","1"
"1517","性","2","3"
"1518","成","2","3"
"1519","政","2","3"
"1520","整","2","1"
"1521","星","2","2"
"1522","晴","2","3"
"1525","正","3","4"
"1526","清","2","2"
"1527","牲","1","1"
"1528","生","4","5"
"1529","盛","1","1"
"1530","精","2","3"
"1531","聖","1","1"
"1532","声","3","3"
"1533","製","2","1"
"1534","西","4","5"
"1535","誠","1","1"
"1536","誓","1","1"
"1537","請","1","1"
"1538","逝","1","1"
"1540","青","3","4"
"1541","静","2","3"
"1542","斉","1","1"
"1543","税","2","2"
"1545","隻","1","2"
"1546","席","2","3"
"1547","惜","1","1"
"1549","斥","1","1"
"1550","昔","2","3"
"1551","析","1","1"
"1552","石","2","3"
"1553","積","2","3"
"1554","籍","1","2"
"1555","績","2","2"
"1557","責","2","3"
"1558","赤","3","4"
"1559","跡","1","2"
"1561","碩","1","1"
"1562","切","3","4"
"1563","拙","1","1"
"1564","接","2","2"
"1565","摂","1","1"
"1566","折","2","3"
"1567","設","2","2"
"1568","窃","1","1"
"1569","節","2","1"
"1570","説","3","3"
"1571","雪","2","3"
"1572","絶","2","3"
"1573","舌","1","1"
"1575","仙","1","1"
"1576","先","4","5"
"1577","千","4","5"
"1578","占","2","2"
"1579","宣","1","1"
"1580","専","2","2"
"1582","川","4","5"
"1583","戦","2","3"
"1584","扇","1","1"
"1586","栓","1","1"
"1588","泉","2","2"
"1589","浅","2","2"
"1590","洗","3","3"
"1591","染","1","1"
"1592","潜","1","1"
"1595","旋","1","1"
"1598","線","2","2"
"1599","繊","1","1"
"1603","船","2","3"
"1604","薦","1","1"
"1607","践","1","1"
"1608","選","2","3"
"1609","遷","1","1"
"1610","銭","1","1"
"1611","銑","1","1"
"1613","鮮","1","1"
"1614","前","4","5"
"1615","善","2","1"
"1616","漸","1","1"
"1617","然","2","3"
"1618","全","2","3"
"1619","禅","1","1"
"1620","繕","1","1"
"1624","塑","1","1"
"1626","措","1","1"
"1632","疎","1","1"
"1633","礎","1","1"
"1634","祖","2","3"
"1635","租","1","1"
"1636","粗","1","1"
"1637","素","1","1"
"1638","組","2","3"
"1640","訴","1","1"
"1641","阻","1","1"
"1644","僧","1","1"
"1645","創","1","1"
"1646","双","2","2"
"1648","倉","1","1"
"1649","喪","1","1"
"1650","壮","1","1"
"1651","奏","1","1"
"1652","爽","1","1"
"1654","層","2","2"
"1656","惣","1","1"
"1657","想","2","3"
"1658","捜","2","2"
"1659","掃","2","2"
"1660","挿","1","1"
"1662","操","2","1"
"1663","早","3","4"
"1664","曹","1","1"
"1665","巣","1","1"
"1667","槽","1","1"
"1669","燥","2","2"
"1670","争","2","3"
"1672","相","2","3"
"1673","窓","2","3"
"1675","総","2","2"
"1676","綜","1","1"
"1677","聡","1","1"
"1678","草","2","3"
"1679","荘","1","1"
"1680","葬","1","1"
"1681","蒼","1","1"
"1682","藻","1","1"
"1683","装","2","2"
"1684","走","3","4"
"1685","送","3","4"
"1686","遭","1","1"
"1688","霜","1","1"
"1689","騒","1","1"
"1690","像","2","2"
"1691","増","2","3"
"1692","憎","2","2"
"1693","臓","2","2"
"1694","蔵","2","2"
"1695","贈","2","2"
"1696","造","2","2"
"1697","促","1","1"
"1698","側","2","3"
"1699","則","2","2"
"1700","即","1","1"
"1701","息","2","3"
"1703","束","2","3"
"1704","測","2","2"
"1705","足","4","4"
"1706","速","2","3"
"1707","俗","1","1"
"1708","属","1","1"
"1709","賊","1","1"
"1710","族","3","4"
"1711","続","2","3"
"1712","卒","2","2"
"1716","存","2","3"
"1717","孫","2","2"
"1718","尊","2","2"
"1719","損","2","2"
"1720","村","3","2"
"1722","他","2","3"
"1723","多","4","4"
"1724","太","3","3"
"1725","汰","1","1"
"1728","堕","1","1"
"1729","妥","1","1"
"1730","惰","1","1"
"1731","打","2","3"
"1736","駄","1","1"
"1738","体","3","4"
"1740","対","2","3"
"1741","耐","1","1"
"1743","帯","2","2"
"1744","待","3","4"
"1745","怠","1","1"
"1746","態","1","1"
"1748","替","2","2"
"1749","泰","1","1"
"1750","滞","1","1"
"1751","胎","1","1"
"1754","袋","2","2"
"1755","貸","3","4"
"1756","退","2","3"
"1757","逮","1","1"
"1758","隊","1","1"
"1759","黛","1","1"
"1760","鯛","1","1"
"1761","代","3","4"
"1762","台","3","4"
"1763","大","4","5"
"1764","第","2","1"
"1766","題","3","4"
"1767","鷹","1","1"
"1768","滝","1","1"
"1770","卓","1","1"
"1771","啄","1","1"
"1772","宅","2","3"
"1774","択","1","1"
"1775","拓","1","1"
"1776","沢","1","1"
"1777","濯","2","2"
"1778","琢","1","1"
"1779","託","1","1"
"1781","濁","1","1"
"1782","諾","1","1"
"1786","只","1","1"
"1788","但","1","1"
"1789","達","2","3"
"1790","辰","1","1"
"1791","奪","1","1"
"1792","脱","1","1"
"1793","巽","1","1"
"1796","棚","1","1"
"1797","谷","2","2"
"1802","丹","1","1"
"1803","単","2","3"
"1804","嘆","1","1"
"1806","担","2","2"
"1807","探","2","3"
"1808","旦","1","1"
"1810","淡","1","1"
"1812","炭","2","2"
"1813","短","3","2"
"1814","端","1","1"
"1818","胆","1","1"
"1820","誕","1","1"
"1821","鍛","1","1"
"1822","団","2","2"
"1823","壇","1","1"
"1824","弾","1","1"
"1825","断","2","3"
"1826","暖","2","1"
"1827","檀","1","1"
"1828","段","2","3"
"1829","男","4","5"
"1830","談","2","3"
"1831","値","2","3"
"1832","知","3","4"
"1833","地","3","4"
"1835","恥","2","3"
"1836","智","1","1"
"1837","池","3","2"
"1838","痴","1","1"
"1839","稚","1","1"
"1840","置","2","3"
"1841","致","1","1"
"1843","遅","2","3"
"1845","築","2","2"
"1846","畜","2","2"
"1847","竹","2","2"
"1849","蓄","1","1"
"1850","逐","1","1"
"1851","秩","1","1"
"1852","窒","1","1"
"1853","茶","3","4"
"1854","嫡","1","1"
"1855","着","3","4"
"1856","中","4","5"
"1857","仲","2","2"
"1858","宙","2","1"
"1859","忠","1","1"
"1860","抽","1","1"
"1861","昼","3","4"
"1862","柱","2","2"
"1863","注","3","4"
"1864","虫","2","2"
"1865","衷","1","1"
"1868","鋳","1","1"
"1869","駐","2","2"
"1872","猪","1","1"
"1874","著","2","2"
"1875","貯","2","2"
"1876","丁","1","1"
"1877","兆","2","2"
"1882","帳","1","1"
"1883","庁","2","2"
"1884","弔","1","1"
"1885","張","2","1"
"1886","彫","1","1"
"1887","徴","1","1"
"1888","懲","1","1"
"1889","挑","1","1"
"1890","暢","1","1"
"1891","朝","3","4"
"1892","潮","1","1"
"1894","町","3","4"
"1895","眺","1","1"
"1896","聴","1","1"
"1897","脹","1","1"
"1898","腸","1","1"
"1899","蝶","1","1"
"1900","調","2","3"
"1902","超","2","2"
"1903","跳","1","1"
"1905","長","4","5"
"1906","頂","2","3"
"1907","鳥","3","4"
"1908","勅","1","1"
"1910","直","2","3"
"1911","朕","1","1"
"1912","沈","2","2"
"1913","珍","2","2"
"1914","賃","2","1"
"1915","鎮","1","1"
"1916","陳","1","1"
"1917","津","1","1"
"1918","墜","1","1"
"1919","椎","1","1"
"1921","追","2","3"
"1923","痛","2","3"
"1924","通","3","4"
"1925","塚","1","1"
"1928","槻","1","1"
"1930","漬","1","1"
"1933","蔦","1","1"
"1936","椿","1","1"
"1938","坪","1","1"
"1941","紬","1","1"
"1944","釣","1","1"
"1945","鶴","1","1"
"1946","亭","1","1"
"1947","低","3","2"
"1948","停","2","2"
"1949","偵","1","1"
"1951","貞","1","1"
"1952","呈","1","1"
"1953","堤","1","1"
"1954","定","2","3"
"1955","帝","1","1"
"1956","底","2","2"
"1957","庭","2","3"
"1958","廷","1","1"
"1959","弟","3","4"
"1960","悌","1","1"
"1961","抵","1","1"
"1963","提","1","1"
"1967","禎","1","1"
"1968","程","2","3"
"1969","締","1","1"
"1970","艇","1","1"
"1971","訂","1","1"
"1974","逓","1","1"
"1975","邸","1","1"
"1979","泥","2","2"
"1980","摘","1","1"
"1982","敵","1","1"
"1983","滴","2","2"
"1984","的","2","4"
"1985","笛","1","1"
"1986","適","2","3"
"1989","哲","1","1"
"1990","徹","1","1"
"1991","撤","1","1"
"1993","迭","1","1"
"1994","鉄","2","2"
"1995","典","1","1"
"1997","天","4","5"
"1998","展","2","1"
"1999","店","4","4"
"2000","添","1","1"
"2004","転","3","4"
"2006","点","2","3"
"2007","伝","2","3"
"2008","殿","2","2"
"2010","田","3","4"
"2011","電","4","5"
"2013","吐","1","1"
"2015","塗","2","2"
"2018","徒","2","3"
"2019","斗","1","1"
"2020","杜","1","1"
"2021","渡","2","3"
"2022","登","2","3"
"2025","途","2","3"
"2026","都","3","3"
"2030","努","2","3"
"2031","度","3","4"
"2032","土","4","5"
"2033","奴","1","1"
"2034","怒","2","3"
"2035","倒","2","3"
"2036","党","2","2"
"2037","冬","3","4"
"2038","凍","2","2"
"2039","刀","1","1"
"2041","塔","2","2"
"2045","島","2","2"
"2047","悼","1","1"
"2048","投","2","3"
"2049","搭","1","1"
"2050","東","4","5"
"2051","桃","1","1"
"2053","棟","1","1"
"2054","盗","2","3"
"2056","湯","2","2"
"2058","灯","2","2"
"2060","当","2","3"
"2061","痘","1","1"
"2063","等","2","3"
"2064","答","3","4"
"2065","筒","2","2"
"2066","糖","1","1"
"2067","統","1","1"
"2068","到","2","3"
"2071","藤","1","1"
"2072","討","1","1"
"2073","謄","1","1"
"2074","豆","1","1"
"2075","踏","1","1"
"2076","逃","2","3"
"2077","透","1","1"
"2079","陶","1","1"
"2080","頭","3","3"
"2081","騰","1","1"
"2082","闘","1","1"
"2083","働","3","3"
"2084","動","3","4"
"2085","同","3","4"
"2086","堂","3","4"
"2087","導","2","2"
"2088","憧","1","1"
"2090","洞","1","1"
"2091","瞳","1","1"
"2092","童","2","2"
"2093","胴","1","1"
"2095","道","4","4"
"2096","銅","2","2"
"2097","峠","1","1"
"2099","匿","1","1"
"2100","得","2","3"
"2101","徳","1","1"
"2103","特","3","4"
"2104","督","1","1"
"2106","篤","1","1"
"2107","毒","2","2"
"2108","独","2","1"
"2109","読","4","5"
"2112","凸","1","1"
"2113","突","2","3"
"2115","届","2","2"
"2118","寅","1","1"
"2119","酉","1","1"
"2122","屯","1","1"
"2123","惇","1","1"
"2124","敦","1","1"
"2126","豚","1","1"
"2130","曇","2","2"
"2131","鈍","2","2"
"2132","奈","1","1"
"2133","那","1","1"
"2134","内","2","3"
"2136","凪","1","1"
"2140","捺","1","1"
"2144","縄","1","1"
"2146","南","4","5"
"2147","楠","1","1"
"2148","軟","2","2"
"2149","難","2","3"
"2151","二","4","5"
"2152","尼","1","1"
"2153","弐","1","1"
"2157","肉","3","4"
"2158","虹","1","1"
"2160","日","4","5"
"2161","乳","2","2"
"2162","入","4","5"
"2163","如","1","1"
"2164","尿","1","1"
"2166","任","2","3"
"2167","妊","1","1"
"2168","忍","1","1"
"2169","認","2","3"
"2173","寧","1","1"
"2175","猫","2","3"
"2176","熱","2","3"
"2177","年","4","5"
"2178","念","2","3"
"2181","燃","2","2"
"2182","粘","1","1"
"2183","乃","1","1"
"2185","之","1","1"
"2188","悩","2","2"
"2189","濃","2","2"
"2190","納","1","1"
"2191","能","2","3"
"2192","脳","2","2"
"2194","農","2","2"
"2197","巴","1","1"
"2198","把","1","1"
"2200","覇","1","1"
"2202","波","2","2"
"2203","派","1","1"
"2205","破","2","3"
"2206","婆","1","1"
"2209","馬","2","3"
"2210","俳","1","1"
"2211","廃","1","1"
"2212","拝","2","2"
"2213","排","1","1"
"2214","敗","2","3"
"2215","杯","2","3"
"2218","背","2","3"
"2219","肺","1","1"
"2220","輩","1","1"
"2221","配","2","3"
"2222","倍","2","2"
"2223","培","1","1"
"2224","媒","1","1"
"2225","梅","1","1"
"2229","買","4","4"
"2230","売","3","4"
"2231","賠","1","1"
"2232","陪","1","1"
"2237","萩","1","1"
"2238","伯","1","1"
"2240","博","1","1"
"2241","拍","1","1"
"2243","泊","2","2"
"2244","白","4","5"
"2247","舶","1","1"
"2248","薄","2","2"
"2249","迫","1","1"
"2251","漠","1","1"
"2252","爆","2","2"
"2253","縛","1","1"
"2256","麦","2","2"
"2258","箱","2","3"
"2261","肇","1","1"
"2265","肌","2","2"
"2268","八","4","5"
"2269","鉢","1","1"
"2271","発","3","4"
"2273","髪","2","3"
"2274","伐","1","1"
"2275","罰","1","1"
"2276","抜","2","3"
"2278","閥","1","1"
"2279","鳩","1","1"
"2283","隼","1","1"
"2284","伴","1","1"
"2285","判","2","3"
"2286","半","4","5"
"2287","反","2","3"
"2289","帆","1","1"
"2290","搬","1","1"
"2292","板","2","2"
"2295","版","2","2"
"2296","犯","2","3"
"2297","班","1","1"
"2298","畔","1","1"
"2299","繁","1","1"
"2300","般","2","2"
"2301","藩","1","1"
"2302","販","2","2"
"2303","範","1","1"
"2305","煩","1","1"
"2306","頒","1","1"
"2307","飯","3","4"
"2309","晩","2","3"
"2310","番","2","3"
"2311","盤","1","1"
"2314","蛮","1","1"
"2316","卑","1","1"
"2317","否","2","3"
"2318","妃","1","1"
"2320","彼","2","3"
"2321","悲","2","3"
"2322","扉","1","1"
"2323","批","2","1"
"2324","披","1","1"
"2325","斐","1","1"
"2326","比","2","2"
"2327","泌","1","1"
"2328","疲","2","3"
"2329","皮","2","2"
"2330","碑","1","1"
"2331","秘","1","1"
"2332","緋","1","1"
"2333","罷","1","1"
"2334","肥","1","1"
"2335","被","2","2"
"2337","費","2","3"
"2338","避","1","1"
"2339","非","2","3"
"2340","飛","2","3"
"2343","備","2","3"
"2344","尾","1","1"
"2345","微","1","1"
"2349","眉","1","1"
"2350","美","2","3"
"2351","鼻","2","2"
"2352","柊","1","1"
"2354","匹","2","2"
"2357","彦","1","1"
"2362","必","2","3"
"2364","筆","2","2"
"2367","姫","1","1"
"2368","媛","1","1"
"2370","百","4","5"
"2372","俵","1","1"
"2373","彪","1","1"
"2374","標","2","1"
"2375","氷","2","2"
"2376","漂","1","1"
"2378","票","1","1"
"2379","表","2","3"
"2380","評","2","1"
"2383","描","1","1"
"2384","病","3","4"
"2385","秒","2","2"
"2386","苗","1","1"
"2392","品","3","4"
"2393","彬","1","1"
"2395","浜","1","1"
"2397","貧","2","3"
"2398","賓","1","1"
"2399","頻","1","1"
"2400","敏","1","1"
"2401","瓶","1","2"
"2402","不","3","4"
"2403","付","2","3"
"2405","夫","2","3"
"2406","婦","2","3"
"2407","富","2","3"
"2409","布","2","2"
"2410","府","2","2"
"2411","怖","2","3"
"2412","扶","1","1"
"2413","敷","1","1"
"2415","普","2","2"
"2416","浮","2","3"
"2417","父","4","5"
"2418","符","2","2"
"2419","腐","1","1"
"2420","膚","2","2"
"2421","芙","1","1"
"2422","譜","1","1"
"2423","負","2","3"
"2424","賦","1","1"
"2425","赴","1","1"
"2427","附","1","1"
"2428","侮","1","1"
"2430","武","2","2"
"2431","舞","2","3"
"2434","部","2","3"
"2435","封","2","2"
"2436","楓","1","1"
"2437","風","3","4"
"2439","蕗","1","1"
"2440","伏","1","1"
"2441","副","2","2"
"2442","復","2","2"
"2443","幅","2","2"
"2444","服","3","4"
"2445","福","2","3"
"2446","腹","2","3"
"2447","複","2","2"
"2448","覆","1","1"
"2451","払","2","3"
"2452","沸","2","2"
"2453","仏","2","2"
"2454","物","3","4"
"2456","分","4","5"
"2458","噴","1","1"
"2459","墳","1","1"
"2460","憤","1","1"
"2463","奮","1","1"
"2464","粉","2","2"
"2466","紛","1","1"
"2467","雰","1","1"
"2468","文","3","4"
"2469","聞","4","5"
"2470","丙","1","1"
"2471","併","1","1"
"2472","兵","2","2"
"2473","塀","1","1"
"2474","幣","1","1"
"2475","平","2","3"
"2476","弊","1","1"
"2477","柄","1","1"
"2478","並","2","2"
"2480","閉","2","3"
"2481","陛","1","1"
"2482","米","2","3"
"2485","壁","2","1"
"2486","癖","1","1"
"2487","碧","1","1"
"2488","別","3","4"
"2492","偏","1","1"
"2493","変","2","3"
"2494","片","2","2"
"2496","編","2","2"
"2497","辺","2","2"
"2498","返","2","3"
"2499","遍","1","1"
"2500","便","3","3"
"2501","勉","3","4"
"2503","弁","1","1"
"2505","保","2","1"
"2506","舗","1","1"
"2509","捕","2","3"
"2510","歩","3","4"
"2511","甫","1","1"
"2512","補","2","2"
"2513","輔","1","1"
"2514","穂","1","1"
"2515","募","2","2"
"2516","墓","1","1"
"2517","慕","1","1"
"2519","暮","2","3"
"2520","母","4","5"
"2521","簿","1","1"
"2523","倣","1","1"
"2524","俸","1","1"
"2525","包","2","2"
"2527","報","2","3"
"2528","奉","1","1"
"2529","宝","2","2"
"2530","峰","1","1"
"2532","崩","1","1"
"2534","抱","2","3"
"2536","放","2","3"
"2537","方","3","4"
"2538","朋","1","1"
"2539","法","2","3"
"2540","泡","1","1"
"2542","砲","1","1"
"2543","縫","1","1"
"2544","胞","1","1"
"2545","芳","1","1"
"2546","萌","1","1"
"2549","褒","1","1"
"2550","訪","2","3"
"2551","豊","2","2"
"2552","邦","1","1"
"2554","飽","1","1"
"2555","鳳","1","1"
"2556","鵬","1","1"
"2557","乏","1","1"
"2558","亡","2","3"
"2559","傍","1","1"
"2560","剖","1","1"
"2562","妨","1","1"
"2563","帽","2","2"
"2564","忘","2","3"
"2565","忙","2","3"
"2566","房","1","1"
"2567","暴","2","2"
"2568","望","2","3"
"2569","某","1","1"
"2570","棒","2","2"
"2571","冒","1","1"
"2572","紡","1","1"
"2573","肪","1","1"
"2574","膨","1","1"
"2575","謀","1","1"
"2577","貿","2","2"
"2579","防","2","2"
"2582","北","4","5"
"2583","僕","1","1"
"2585","墨","1","1"
"2586","撲","1","1"
"2587","朴","1","1"
"2588","牧","1","1"
"2589","睦","1","1"
"2593","没","1","1"
"2595","堀","1","1"
"2597","奔","1","1"
"2598","本","4","5"
"2599","翻","1","1"
"2600","凡","1","1"
"2601","盆","1","1"
"2602","摩","1","1"
"2603","磨","2","2"
"2604","魔","1","1"
"2605","麻","1","1"
"2606","埋","2","2"
"2607","妹","3","4"
"2609","枚","2","2"
"2610","毎","4","5"
"2612","槙","1","1"
"2613","幕","1","1"
"2614","膜","1","1"
"2617","柾","1","1"
"2620","亦","1","1"
"2622","又","1","1"
"2623","抹","1","1"
"2624","末","2","3"
"2628","繭","1","1"
"2629","麿","1","1"
"2630","万","4","5"
"2631","慢","1","1"
"2632","満","2","3"
"2633","漫","1","1"
"2635","味","3","4"
"2636","未","2","3"
"2637","魅","1","1"
"2638","巳","1","1"
"2640","岬","1","1"
"2641","密","1","1"
"2645","稔","1","1"
"2646","脈","1","1"
"2647","妙","1","1"
"2649","民","3","3"
"2650","眠","2","3"
"2651","務","2","3"
"2652","夢","2","3"
"2653","無","2","2"
"2655","矛","1","1"
"2656","霧","1","1"
"2658","椋","1","1"
"2659","婿","1","1"
"2660","娘","2","3"
"2662","名","4","5"
"2663","命","2","3"
"2664","明","3","4"
"2665","盟","1","1"
"2666","迷","2","3"
"2667","銘","1","1"
"2668","鳴","2","3"
"2671","滅","1","1"
"2672","免","1","1"
"2674","綿","2","2"
"2676","面","2","3"
"2679","模","1","1"
"2680","茂","1","1"
"2681","妄","1","1"
"2682","孟","1","1"
"2683","毛","2","2"
"2684","猛","1","1"
"2685","盲","1","1"
"2686","網","1","1"
"2687","耗","1","1"
"2690","木","4","5"
"2691","黙","1","1"
"2692","目","4","4"
"2697","戻","2","3"
"2700","問","3","4"
"2702","紋","1","1"
"2703","門","3","2"
"2704","匁","1","1"
"2705","也","1","1"
"2706","冶","1","1"
"2707","夜","3","4"
"2709","耶","1","1"
"2710","野","3","4"
"2711","弥","1","1"
"2712","矢","1","1"
"2713","厄","1","1"
"2714","役","2","3"
"2715","約","2","3"
"2716","薬","3","3"
"2717","訳","1","1"
"2718","躍","1","1"
"2719","靖","1","1"
"2720","柳","1","1"
"2723","愉","1","1"
"2725","油","2","2"
"2726","癒","1","1"
"2727","諭","1","1"
"2728","輸","2","2"
"2729","唯","1","1"
"2730","佑","1","1"
"2731","優","2","3"
"2732","勇","2","2"
"2733","友","4","5"
"2734","宥","1","1"
"2735","幽","1","1"
"2736","悠","1","1"
"2737","憂","1","1"
"2739","有","3","4"
"2740","柚","1","1"
"2741","湧","1","1"
"2743","猶","1","1"
"2745","由","2","3"
"2746","祐","1","1"
"2747","裕","1","1"
"2748","誘","1","1"
"2749","遊","2","3"
"2750","邑","1","1"
"2751","郵","2","2"
"2752","雄","1","1"
"2753","融","1","1"
"2754","夕","3","4"
"2755","予","2","3"
"2756","余","2","3"
"2757","与","2","3"
"2758","誉","1","1"
"2760","預","2","2"
"2762","幼","2","2"
"2764","容","2","3"
"2765","庸","1","1"
"2766","揚","1","1"
"2767","揺","1","1"
"2768","擁","1","1"
"2769","曜","3","4"
"2770","楊","1","1"
"2771","様","2","3"
"2772","洋","3","4"
"2773","溶","2","2"
"2775","用","3","4"
"2776","窯","1","1"
"2777","羊","1","1"
"2778","耀","1","1"
"2779","葉","2","3"
"2780","蓉","1","1"
"2781","要","2","3"
"2782","謡","1","1"
"2783","踊","2","2"
"2784","遥","1","1"
"2785","陽","2","3"
"2786","養","1","1"
"2788","抑","1","1"
"2789","欲","2","3"
"2791","浴","2","2"
"2792","翌","2","2"
"2793","翼","1","1"
"2795","羅","1","1"
"2797","裸","1","1"
"2798","来","4","5"
"2800","頼","2","3"
"2801","雷","1","1"
"2803","絡","2","2"
"2804","落","2","3"
"2805","酪","1","1"
"2806","乱","2","2"
"2807","卵","2","2"
"2808","嵐","1","1"
"2809","欄","1","1"
"2810","濫","1","1"
"2811","藍","1","1"
"2812","蘭","1","1"
"2813","覧","1","1"
"2814","利","2","3"
"2815","吏","1","1"
"2816","履","1","1"
"2817","李","1","1"
"2818","梨","1","1"
"2819","理","3","4"
"2820","璃","1","1"
"2821","痢","1","1"
"2822","裏","2","2"
"2825","離","1","1"
"2826","陸","2","2"
"2827","律","2","2"
"2828","率","2","1"
"2829","立","4","4"
"2832","略","2","2"
"2834","流","2","3"
"2836","琉","1","1"
"2837","留","2","3"
"2838","硫","1","1"
"2839","粒","2","2"
"2840","隆","1","1"
"2841","竜","1","1"
"2844","慮","1","1"
"2845","旅","3","4"
"2846","虜","1","1"
"2847","了","2","2"
"2848","亮","1","1"
"2849","僚","1","1"
"2850","両","2","3"
"2851","凌","1","1"
"2852","寮","1","1"
"2853","料","3","4"
"2855","涼","2","2"
"2856","猟","1","1"
"2857","療","2","2"
"2858","瞭","1","1"
"2859","稜","1","1"
"2860","糧","1","1"
"2861","良","2","3"
"2862","諒","1","1"
"2863","遼","1","1"
"2864","量","2","2"
"2865","陵","1","1"
"2866","領","2","2"
"2867","力","3","4"
"2868","緑","2","2"
"2869","倫","1","1"
"2870","厘","1","1"
"2871","林","3","2"
"2874","琳","1","1"
"2875","臨","1","1"
"2876","輪","2","2"
"2877","隣","1","1"
"2879","麟","1","1"
"2880","瑠","1","1"
"2881","塁","1","1"
"2882","涙","2","2"
"2883","累","1","1"
"2884","類","2","3"
"2885","令","2","2"
"2886","伶","1","1"
"2887","例","2","3"
"2888","冷","2","3"
"2889","励","1","1"
"2890","嶺","1","1"
"2891","怜","1","1"
"2892","玲","1","1"
"2893","礼","2","3"
"2895","鈴","1","1"
"2896","隷","1","1"
"2897","零","2","2"
"2898","霊","1","1"
"2899","麗","1","1"
"2900","齢","2","2"
"2901","暦","1","1"
"2902","歴","2","2"
"2903","列","2","3"
"2904","劣","1","1"
"2905","烈","1","1"
"2906","裂","1","1"
"2907","廉","1","1"
"2908","恋","2","2"
"2913","練","2","2"
"2915","蓮","1","1"
"2916","連","2","3"
"2917","錬","1","1"
"2918","呂","1","1"
"2921","炉","1","1"
"2923","路","2","3"
"2924","露","1","1"
"2925","労","2","3"
"2927","廊","1","1"
"2929","朗","1","1"
"2930","楼","1","1"
"2932","浪","1","1"
"2933","漏","1","1"
"2937","老","2","3"
"2940","郎","1","1"
"2941","六","4","5"
"2943","禄","1","1"
"2945","録","2","2"
"2946","論","2","3"
"2947","倭","1","1"
"2948","和","2","3"
"2949","話","4","5"
"2951","賄","1","1"
"2953","惑","1","1"
"2954","枠","1","1"
"2957","亘","1","1"
"2963","湾","2","2"
"2965","腕","2","2"
"3015","侑","1","1"
"3159","勁","1","1"
"3428","奎","1","1"
"3566","崚","1","1"
"3657","彗","1","1"
"3974","昴","1","1"
"3976","晏","1","1"
"3984","晨","1","1"
"3985","晟","1","1"
"3991","暉","1","1"
"4056","栞","1","1"
"4124","椰","1","1"
"4247","毬","1","1"
"4292","洸","1","1"
"4294","洵","1","1"
"4351","滉","1","1"
"4372","漱","1","1"
"4401","澪","1","1"
"4464","燎","1","1"
"4471","燿","1","1"
"4555","瑶","1","1"
"4668","皓","1","1"
"4697","眸","1","1"
"4840","笙","1","1"
"4965","綺","1","1"
"4976","綸","1","1"
"5071","翔","1","1"
"5124","脩","1","1"
"5220","茉","1","1"
"5250","莉","1","1"
"5254","菫","1","1"
"5549","詢","1","1"
"5560","諄","1","1"
"5663","赳","1","1"
"5767","迪","1","1"
"6056","頌","1","1"
"6072","颯","1","1"
"6308","黎","1","1"
"6354","凜","1","1"
"6355","熙","1","1"